{"loss": 111.99268341064453, "loss_1": 0.0009159566834568977, "loss_2": 0.0023318780586123466, "loss_3": 111.98943328857422, "lr": 5e-07, "_timestamp": 1717982707.2476647, "_runtime": 523.6023697853088, "_step": 100, "validation": {"_type": "images/separated", "width": 1024, "height": 1024, "format": "png", "count": 4, "filenames": ["media/images/validation_77_3019f23a67de8afeb9b1.png", "media/images/validation_77_3ee1e1cc16da7335b7f7.png", "media/images/validation_77_79f318dbc1d86afe0a61.png", "media/images/validation_77_3eba582387f0059786a8.png"], "captions": ["0: a sks dog in crt style", "1: a sks dog in crt style", "2: a sks dog in crt style", "3: a sks dog in crt style"]}, "test": {"_type": "images/separated", "width": 1024, "height": 1024, "format": "png", "count": 4, "filenames": ["media/images/test_100_4c96d24bc36129b28996.png", "media/images/test_100_2cac300381de4a0d3dca.png", "media/images/test_100_14a94fa55546184bbe59.png", "media/images/test_100_955a22c78348b9d8f145.png"], "captions": ["0: a sks dog in crt style", "1: a sks dog in crt style", "2: a sks dog in crt style", "3: a sks dog in crt style"]}, "_wandb": {"runtime": 522}}