{"loss": 5.547995567321777, "loss_1": 0.0016925015952438116, "loss_2": 0.0014740524347871542, "loss_3": 5.54482889175415, "lr": 5e-05, "_timestamp": 1718149633.1818628, "_runtime": 328.3810977935791, "_step": 100, "validation": {"_type": "images/separated", "width": 1024, "height": 1024, "format": "png", "count": 4, "filenames": ["media/images/validation_7_4200c6f14b3441315eb7.png", "media/images/validation_7_76b49d51f1a1149dc722.png", "media/images/validation_7_8208e177511b9ca6e6f7.png", "media/images/validation_7_853e62ad2409e3390ee6.png"], "captions": ["0: a sbu dog in the crt style", "1: a sbu dog in the crt style", "2: a sbu dog in the crt style", "3: a sbu dog in the crt style"]}, "test": {"_type": "images/separated", "width": 1024, "height": 1024, "format": "png", "count": 4, "filenames": ["media/images/test_100_8be29a27ce934595c9ee.png", "media/images/test_100_e054661aae9648f9a36d.png", "media/images/test_100_c9d89a96d3520db71cba.png", "media/images/test_100_2018f36236824326dc74.png"], "captions": ["0: a sbu dog in the crt style", "1: a sbu dog in the crt style", "2: a sbu dog in the crt style", "3: a sbu dog in the crt style"]}, "_wandb": {"runtime": 327}}