{"loss": 91.26770782470703, "loss_1": 0.0006994013674557209, "loss_2": 0.0016849074745550752, "loss_3": 91.26531982421875, "lr": 0.001, "_timestamp": 1717978335.7268355, "_runtime": 374.9083745479584, "_step": 100, "validation": {"_type": "images/separated", "width": 1024, "height": 1024, "format": "png", "count": 4, "filenames": ["media/images/validation_77_8afda2593da6d61130a7.png", "media/images/validation_77_fd8008bf60e5840d318f.png", "media/images/validation_77_e8d8087a90f2a876fbce.png", "media/images/validation_77_97df8be8fa2643527f94.png"], "captions": ["0: a sks dog in crt style", "1: a sks dog in crt style", "2: a sks dog in crt style", "3: a sks dog in crt style"]}, "test": {"_type": "images/separated", "width": 1024, "height": 1024, "format": "png", "count": 4, "filenames": ["media/images/test_100_5bd4e2f4e3a611f08d6b.png", "media/images/test_100_194bcab18511bdc0036f.png", "media/images/test_100_6e850cbe7b05343a7b01.png", "media/images/test_100_4829263eab0a0bef2745.png"], "captions": ["0: a sks dog in crt style", "1: a sks dog in crt style", "2: a sks dog in crt style", "3: a sks dog in crt style"]}, "_wandb": {"runtime": 374}}