{"loss": 55.45109939575195, "loss_1": 0.001646694727241993, "loss_2": 0.001945502357557416, "loss_3": 55.447505950927734, "lr": 5e-05, "_timestamp": 1717938164.5692744, "_runtime": 379.242148399353, "_step": 100, "validation": {"_type": "images/separated", "width": 1024, "height": 1024, "format": "png", "count": 4, "filenames": ["media/images/validation_77_6fdc668de5c8a69c7ff6.png", "media/images/validation_77_d6fc3213ba6f0c6118b6.png", "media/images/validation_77_93b0986f2834c649e80e.png", "media/images/validation_77_47ca87dc203b84b973e7.png"], "captions": ["0: a sks dog in crt style", "1: a sks dog in crt style", "2: a sks dog in crt style", "3: a sks dog in crt style"]}, "test": {"_type": "images/separated", "width": 1024, "height": 1024, "format": "png", "count": 4, "filenames": ["media/images/test_100_80a111f7877290e0b5fd.png", "media/images/test_100_c1525dfb293bf1af86e5.png", "media/images/test_100_a7a37997b1890ee5790b.png", "media/images/test_100_5a6833be3294823f888b.png"], "captions": ["0: a sks dog in crt style", "1: a sks dog in crt style", "2: a sks dog in crt style", "3: a sks dog in crt style"]}, "_wandb": {"runtime": 378}}