{"loss": 5.547198295593262, "loss_1": 0.0012540050083771348, "loss_2": 0.0011161768343299627, "loss_3": 5.544827938079834, "lr": 5e-05, "_timestamp": 1718120134.9599888, "_runtime": 325.5930507183075, "_step": 100, "validation": {"_type": "images/separated", "width": 1024, "height": 1024, "format": "png", "count": 4, "filenames": ["media/images/validation_7_8397be1602f34cbeacb8.png", "media/images/validation_7_d963087913033e870a06.png", "media/images/validation_7_5b7172f1a44f4f16863e.png", "media/images/validation_7_921e02655470074f6027.png"], "captions": ["0: a sbu dog in the crt style", "1: a sbu dog in the crt style", "2: a sbu dog in the crt style", "3: a sbu dog in the crt style"]}, "test": {"_type": "images/separated", "width": 1024, "height": 1024, "format": "png", "count": 4, "filenames": ["media/images/test_100_453ff61bb141cc400665.png", "media/images/test_100_2d30afca806dccb17230.png", "media/images/test_100_83c1d2e9c7c9c3f4b8f4.png", "media/images/test_100_a7593be46b340f2707f8.png"], "captions": ["0: a sbu dog in the crt style", "1: a sbu dog in the crt style", "2: a sbu dog in the crt style", "3: a sbu dog in the crt style"]}, "_wandb": {"runtime": 324}}