{"loss": 5.547436237335205, "loss_1": 0.0009480111766606569, "loss_2": 0.0016654597129672766, "loss_3": 5.544822692871094, "lr": 5e-05, "_timestamp": 1718028532.1250768, "_runtime": 380.83512568473816, "_step": 100, "validation": {"_type": "images/separated", "width": 1024, "height": 1024, "format": "png", "count": 4, "filenames": ["media/images/validation_77_ab6f7d1e97680489041a.png", "media/images/validation_77_f00544283b8275dfb670.png", "media/images/validation_77_3bab58f515b0314bec91.png", "media/images/validation_77_a17b42c0e9041299430f.png"], "captions": ["0: a sbu dog in the crt style", "1: a sbu dog in the crt style", "2: a sbu dog in the crt style", "3: a sbu dog in the crt style"]}, "test": {"_type": "images/separated", "width": 1024, "height": 1024, "format": "png", "count": 4, "filenames": ["media/images/test_100_5136430175db5ef6e137.png", "media/images/test_100_2ca74f99642f62bec693.png", "media/images/test_100_a9b2ce11e5402c5ea8ac.png", "media/images/test_100_b592397d72584c855b1b.png"], "captions": ["0: a sbu dog in the crt style", "1: a sbu dog in the crt style", "2: a sbu dog in the crt style", "3: a sbu dog in the crt style"]}, "_wandb": {"runtime": 380}}