{"loss": 5.5479936599731445, "loss_1": 0.001472765114158392, "loss_2": 0.001692205318249762, "loss_3": 5.54482889175415, "lr": 5e-05, "_timestamp": 1718138503.1447904, "_runtime": 328.8689835071564, "_step": 100, "validation": {"_type": "images/separated", "width": 1024, "height": 1024, "format": "png", "count": 4, "filenames": ["media/images/validation_7_dd6fa693d49645eae7ab.png", "media/images/validation_7_74ab8e1fa1bb7e3338c0.png", "media/images/validation_7_0a66bef7b25452285957.png", "media/images/validation_7_3c2222eda040d519e1d5.png"], "captions": ["0: a sbu dog in the crt style", "1: a sbu dog in the crt style", "2: a sbu dog in the crt style", "3: a sbu dog in the crt style"]}, "test": {"_type": "images/separated", "width": 1024, "height": 1024, "format": "png", "count": 4, "filenames": ["media/images/test_100_d43673ee1542b277eb92.png", "media/images/test_100_93d527d6ca88915327d4.png", "media/images/test_100_9730482004886c3467ac.png", "media/images/test_100_d648734c34758771e68f.png"], "captions": ["0: a sbu dog in the crt style", "1: a sbu dog in the crt style", "2: a sbu dog in the crt style", "3: a sbu dog in the crt style"]}, "_wandb": {"runtime": 328}}