{"loss": 109.80037689208984, "loss_1": 0.000877444981597364, "loss_2": 0.0022378317080438137, "loss_3": 109.7972640991211, "lr": 0.0001, "_timestamp": 1717978288.6891654, "_runtime": 383.72867941856384, "_step": 100, "validation": {"_type": "images/separated", "width": 1024, "height": 1024, "format": "png", "count": 4, "filenames": ["media/images/validation_77_2ce5cf85e02111cea4b6.png", "media/images/validation_77_7d65a31994db6382f758.png", "media/images/validation_77_299e66a46ddacba59013.png", "media/images/validation_77_e024b100d1266f537ad6.png"], "captions": ["0: a sks dog in crt style", "1: a sks dog in crt style", "2: a sks dog in crt style", "3: a sks dog in crt style"]}, "test": {"_type": "images/separated", "width": 1024, "height": 1024, "format": "png", "count": 4, "filenames": ["media/images/test_100_9125a8d4cf2bfd8ec308.png", "media/images/test_100_bb2c0a7a7bfb7ac3483b.png", "media/images/test_100_d3a68b706423bf654a31.png", "media/images/test_100_331df3dd64a74e936b3a.png"], "captions": ["0: a sks dog in crt style", "1: a sks dog in crt style", "2: a sks dog in crt style", "3: a sks dog in crt style"]}, "_wandb": {"runtime": 383}}